INSERT INTO Person(ssn, person_name, email) VALUES
('880-08-2292', 'Nadiya', 'npachta0@stumbleupon.com'),
('626-94-9540', 'Barnaby', 'bebbs1@photobucket.com'),
('330-86-2924', 'Correna', 'cantonietti2@mtv.com'),
('747-05-5859', 'Eilis', 'etilte3@amazon.com'),
('642-36-9177', 'Morten', 'mkibbee4@mozilla.com'),
('536-67-7327', 'Malinde', 'mhammelberg5@stanford.edu'),
('628-78-6067', 'Rey', 'rmaguire6@usda.gov'),
('182-85-4425', 'Elysia', 'ecarlucci7@webmd.com'),
('792-25-7624', 'Vita', 'vbernini8@bbc.co.uk'),
('329-66-4595', 'Nancey', 'nogilvie9@squidoo.com'),
('171-82-0329', 'Gherardo', 'gbortolonia@stumbleupon.com'),
('627-24-1462', 'Cathie', 'cbernhartb@blog.com'),
('581-20-3602', 'Monique', 'mshuttc@ftc.gov'),
('880-90-5148', 'Querida', 'qoldroyded@google.de'),
('683-62-7206', 'Elfrieda', 'ekopfe@un.org'),
('857-84-0580', 'Sal', 'slinggoodf@jiathis.com'),
('566-03-3976', 'Henrie', 'hstoresg@360.cn'),
('160-15-4298', 'Sigismond', 'spyketth@yellowpages.com'),
('742-59-7022', 'Cicely', 'cshrievesi@photobucket.com'),
('834-88-5048', 'Merill', 'mleismanj@prweb.com'),
('830-78-6927', 'Liam', 'liam@mail.com'),
('552-19-4471', 'Nora', 'nora92@gmail.com'),
('731-44-9820', 'Adam', 'adam.smith@yahoo.com'),
('604-22-3159', 'Maya', 'maya04@outlook.com'),
('918-71-6602', 'Elias', 'elias_k@mail.com'),
('337-55-9083', 'Sara', 'sara.johnson@gmail.com'),
('441-12-7749', 'Omar', 'omar.dev@live.com'),
('299-82-5017', 'Lana', 'lana22@mail.com'),
('120-64-9934', 'Zane', 'zane_works@gmail.com'),
('509-33-1786', 'Rami', 'rami.m@outlook.com'),
('783-41-9920', 'Lena', 'lena@mail.com'),
('552-77-3148', 'Jon', 'jon87@gmail.com'),
('910-22-6841', 'Mira', 'mira_k@outlook.com'),
('661-09-5573', 'Alex', 'alex.smith@mail.com'),
('119-34-5002', 'Mark', 'mark.dev@mail.com');

INSERT INTO Base(base_id, occupant_count, capacity_total) VALUES
(1, 29, 100),
(2, 47, 58),
(3, 72, 91),
(4, 13, 100),
(5, 27, 78),
(6, 56, 87),
(7, 59, 64),
(8, 19, 41),
(9, 43, 84),
(10, 48, 69),
(11, 6, 29),
(12, 19, 93),
(13, 17, 76),
(14, 12, 22),
(15, 7, 46),
(16, 3, 70),
(17, 11, 48),
(18, 70, 75),
(19, 23, 46),
(20, 76, 93);

INSERT INTO Route(route_id, start_lat, start_long, end_lat, end_long, EFT) VALUES
(1, -9.7464338, 124.4309165, 4.9741169, 9.9353318, 50),
(2, -26.2324014, -51.07813, 11.5825677, 108.9912066, 27),
(3, 42.1450502, 24.7558475, 28.353912, 112.833836, 14),
(4, 34.5259004, -117.0625875, 14.6790319, 100.6985155, 78),
(5, 45.4141891, 19.6990997, 29.1416432, 119.7889248, 33),
(6, -9.0020538, 125.6478189, 46.150266, -67.6033952, 36),
(7, 48.2044234, 5.942257, 31.6166667, 130.3333333, 42),
(8, -41.18221, 174.8294181, 51.014655, 18.8071072, 12),
(9, -6.167943, 106.540052, 35.872664, 120.04619, 5),
(10, 33.1963963, -8.587212, 62.6768899, 10.0742726, 53),
(11, -21.7972251, -50.879763, 10.2583233, 123.8363399, 23),
(12, 19.4052965, -99.1504583, -6.9774659, 110.5806783, 9),
(13, 33.46444, 126.31833, 21.744605, 111.6180705, 36),
(14, -8.6969761, 121.2769483, 14.7174829, -91.3019094, 16),
(15, 31.28855, 114.497908, 37.3422186, 127.9201621, 20),
(16, 35.3255514, 25.2773184, 55.9588361, 37.6489954, 45),
(17, 3.2093353, 101.6716295, 41.5622714, 26.5126402, 18),
(18, 48.6277459, 2.4381665, 50.0374431, 20.888073, 29),
(19, -8.817615, -35.7625241, -6.8187124, 106.947666, 27),
(20, -8.4856411, 121.0564425, 21.0110318, 106.5273651, 8);

INSERT INTO Waypoint(w_long, w_lat) VALUES
(35.501200, 33.893800),
(35.505500, 33.895000),
(35.490000, 33.880000),
(35.470000, 33.900000),
(35.520000, 33.910000),
(35.530000, 33.920000),
(35.540000, 33.930000),
(35.550000, 33.940000),
(35.560000, 33.950000),
(35.570000, 33.960000),
(35.480000, 33.870000),
(35.485000, 33.875000),
(35.495000, 33.885000),
(35.515000, 33.905000),
(35.525000, 33.915000),
(35.535000, 33.925000),
(35.545000, 33.935000),
(35.555000, 33.945000),
(35.565000, 33.955000),
(35.575000, 33.965000);

INSERT INTO Drone(drone_ID, payload_limit, battery_cap, expected_charge_time, current_status, last_maint_date, Base_ID) VALUES
(1,  5,  80, '01:30:00', 'Available', '2025-02-01', 1),
(2,  8,  60, '02:00:00', 'Charging',  '2025-02-03', 4),
(3, 10, 100, '00:45:00', 'In Flight', '2025-01-30', 6),
(4,  7,  40, '02:10:00', 'Available', '2025-02-05', 3),
(5, 15,  90, '01:00:00', 'Maintenance','2025-02-02', 10),
(6, 12,  55, '02:15:00', 'Available', '2025-01-29', 8),
(7,  6,  70, '01:20:00', 'Charging',  '2025-02-04', 12),
(8, 20,  85, '00:50:00', 'Available', '2025-01-28', 14),
(9, 18,  95, '01:10:00', 'In Flight', '2025-01-31', 7),
(10, 9,  65, '01:40:00', 'Available', '2025-02-01', 5),
(11, 8,  45, '00:50:30', 'Available', '2025-03-04', 9),
(12, 5,  60, '00:30:00', 'Available', '2025-02-13', 4);

INSERT INTO Customer(SSN, address_long, address_lat, payment_method, tokens) VALUES
('160-15-4298', 35.512345, 33.876543, 'Credit Card', 120),
('171-82-0329', 35.498765, 33.901234, 'Cash',        60),
('182-85-4425', 35.421357, 33.789012, 'PayPal',      90),
('329-66-4595', 35.467890, 33.745612, 'Credit Card', 200),
('330-86-2924', 35.532198, 33.812345, 'Debit Card',  15),
('536-67-7327', 35.556789, 33.845679, 'Token Wallet',300),
('566-03-3976', 35.489012, 33.765432, 'Cash',        0),
('581-20-3602', 35.444444, 33.888888, 'Credit Card', 45),
('830-78-6927', 35.462856, 33.697865, 'Credit Card', 0),
('552-19-4471', 35.467890, 33.745612, 'PayPal',	     105),
('731-44-9820', 35.512345, 33.876543, 'Credit Card', 80),
('604-22-3159', 35.467890, 33.745612, 'Token Wallet', 325);

INSERT INTO Technician(SSN, start_date, salary) VALUES
('626-94-9540', '2022-01-15', 2200),
('627-24-1462', '2021-09-01', 2500),
('628-78-6067', '2023-03-10', 2300),
('642-36-9177', '2020-06-20', 2600),
('683-62-7206', '2019-11-05', 2800),
('742-59-7022', '2022-07-18', 2400),
('120-64-9934', '2023-07-21', 2100),
('299-82-5017', '2020-05-14', 2600),
('441-12-7749', '2022-10-20', 2550),
('337-55-9083', '2024-09-03', 2300),
('918-71-6602', '2021-11-28', 2600);

INSERT INTO Drone_Operator(SSN, specialization, start_date, salary) VALUES
('747-05-5859', 'Urban deliveries',          '2021-05-10', 2100),
('792-25-7624', 'Rural long-range routes',   '2020-03-22', 2300),
('834-88-5048', 'Night operations',          '2022-09-14', 2200),
('857-84-0580', 'Medical/emergency payload', '2023-01-03', 2600),
('880-08-2292', 'High-wind operations',      '2019-10-30', 2400),
('880-90-5148', 'Coastal routes',            '2021-12-11', 2250),
('661-09-5573', 'Rough weather',			 '2020-09-17', 2050),
('910-22-6841', 'Rocky terrain',			 '2023-02-04', 2400),
('552-77-3148', 'Remote areas',				 '2024-05-06', 2600),
('783-41-9920', 'Night operations',			 '2021-08-17', 2550),
('509-33-1786', 'Urban deliveries',			 '2020-04-09', 2650),
('119-34-5002', 'Night operations',			 '2021-09-03', 2530);

INSERT INTO Delivery_Order(Order_Num, pickup_long, pickup_lat, dropoff_long, dropoff_lat, request_time, scheduled_delivery_ts, del_status, priority_flag, weight, orderCustomerSSN, carrierDroneID) VALUES
(1, 45.4141891, 19.6990997, 29.1416432, 119.7889248, '20:53:35', '21:26:18', 'Delivered', 'Normal', 4, '160-15-4298', 1),
(1, -6.167943, 106.540052, 35.872664, 120.04619, '10:45:37', '10:51:46', 'Delivered', 'Normal', 2, '182-85-4425', 2),
(1, -41.18221, 174.8294181, 51.014655, 18.8071072, '14:56:23', '15:09:45', 'Delivered', 'Normal', 7, '330-86-2924', 4),
(2, 33.46444, 126.31833, 21.744605, 111.6180705, '23:42:16', '00:23:48', 'Delivered', 'Normal', 9, '160-15-4298', 3),
(1, 31.28855, 114.497908, 37.3422186, 127.9201621, '16:45:57', '17:04:16', 'Delivered', 'Low', 8, '536-67-7327', 6),
(2, 48.6277459, 2.4381665, 50.0374431, 20.888073, '09:05:47', '09:35:51', 'Delivered', 'Normal', 15, '330-86-2924', 9),
(1, -8.4856411, 121.0564425, 21.0110318, 106.5273651, '20:31:49', '20:39:10', 'Queued', 'High', 9, '581-20-3602', 10),
(3, -8.817615, -35.7625241, -6.8187124, 106.947666, '17:42:19', '18:12:20', 'Delivered', 'Normal', 7, '160-15-4298', 11),
(2, -8.4856411, 121.0564425, 21.0110318, 106.527361, '21:53:53', '22:34:12', 'Delivered', 'Low', 3, '182-85-4425', 12),
(1, 31.523255, 116.432625, 25.342663, 157.92634, '10:40:35', '11:20:54', 'Delivered', 'Normal', 2, '830-78-6927', 12),
(2, 34.552545, 152.235625, 25.342666, 157.9263461, '15:37:46', '16:45:41', 'Delivered', 'Low', 12, '830-78-6927', 9),
(1, 31.28855, 121.0564425, -6.167943, 29.1416432, '21:15:56', '23:03:27', 'Delivered', 'Normal', 3, '552-19-4471', 6),
(1, 4.438163, 33.4645336, 13.744602, 121.056445, '14:45:10', '15:40:56', 'Delivered', 'Normal', 2, '731-44-9820', 3),
(1, 8.6277459, 21.0564425, 31.523255, 16.432625, '13:31:43', '13:59:16', 'Queued', 'High', 5, '604-22-3159', 7);

INSERT INTO Feedback(time_stamp, rating, comments, customerSSN, OrderNum) VALUES
('21:31:47', 5, 'Very fast delivery!', '160-15-4298', 1),
('10:54:34', 4, 'Smooth service.',     '182-85-4425', 1),
('15:13:45', 5, 'Great work!',         '330-86-2924', 1),
('17:14:37', 3, 'Slight delay.',       '536-67-7327', 1),
('09:42:57', 5, 'Perfect!',            '330-86-2924', 2),
('18:24:46', 4, 'Good delivery.',      '160-15-4298', 3),
('18:50:00', 1, 'Really late >:(',     '182-85-4425', 2),
('11:23:54', 4, 'Quality service',	   '830-78-6927', 1),
('23:59:40', 2, 'Missing item',        '552-19-4471', 1),
('15:52:12', 5, 'Great!',			   '731-44-9820', 1);

INSERT INTO Maintenance_Record(Maintenance_num, record_description, maintenance_date, maintenance_status, maintenance_drone_id, technicianSSN) VALUES
(1,  'Battery check',       '2025-01-10', 'completed', 1, '626-94-9540'),
(1,  'Rotor replacement',   '2025-01-12', 'completed', 2, '627-24-1462'),
(1,  'Camera calibration',  '2025-01-13', 'completed', 3, '628-78-6067'),
(1,  'Firmware update',     '2025-01-15', 'completed', 4, '642-36-9177'),
(1,  'Sensor cleaning',     '2025-01-17', 'completed', 5, '683-62-7206'),
(1,  'Battery check', 		'2025-01-18', 'pending',   4, '742-59-7022'),
(2,  'Propeller check',     '2025-01-19', 'completed', 2, '626-94-9540'),
(2,  'GPS module test',     '2025-01-20', 'completed', 3, '627-24-1462'),
(2,  'Structural check',    '2025-01-21', 'pending',   4, '628-78-6067'),
(2,  'Sensor cleaning',     '2025-01-22', 'completed', 5, '642-36-9177'),
(3,  'Balance check',       '2025-01-23', 'pending',   3, '627-24-1462'),
(3,  'Flight test',         '2025-01-14', 'pending',   1, '628-78-6067');

INSERT INTO operatorOperates(drone_id, operatorSSN) VALUES
(1, '747-05-5859'),
(2, '792-25-7624'),
(3, '834-88-5048'),
(4, '857-84-0580'),
(5, '880-08-2292'),
(6, '880-90-5148'),
(7, '661-09-5573'),
(8, '910-22-6841'),
(9, '552-77-3148'),
(10, '783-41-9920'),
(11, '509-33-1786'),
(12, '119-34-5002');

INSERT INTO Zone(Zip_Code, zone_name, radius) VALUES
('45930', 'Zone A', 24),
('50304', 'Zone B', 79),
('65228', 'Zone C', 4),
('66210', 'Zone D', 70),
('94165', 'Zone E', 45),
('97352', 'Zone F', 43),
('A1023', 'Zone G', 16),
('A2094', 'Zone H', 73),
('A3110', 'Zone I', 19),
('A6804', 'Zone J', 51),
('A7781', 'Zone K', 97),
('B4410', 'Zone L', 12),
('325C4', 'Zone M', 35),
('468B3', 'Zone N', 54),
('C580B', 'Zone O', 81),
('A98B2', 'Zone P', 26),
('AB324', 'Zone Q', 93),
('CB923', 'Zone R', 28),
('39BA3', 'Zone S', 64),
('83BAC', 'Zone T', 78);

INSERT INTO FlyZone(fly_zip, terrain_type) VALUES
('45930', 'Urban'),
('50304', 'Urban'),
('65228', 'Remote'),
('66210', 'Remote'),
('94165', 'Residential'),
('97352', 'Commercial'),
('325C4', 'Urban'),
('468B3', 'Residential'),
('C580B', 'Remote'),
('A98B2', 'Residential');

INSERT INTO noFlyZone(no_fly_zip, no_fly_zone) VALUES
('A6804', 'Restricted Airspace'),
('A1023', 'Military Zone'),
('A2094', 'Airport Radius'),
('A3110', 'High Interference'),
('A7781', 'Wildlife Preserve'),
('B4410', 'Government Facility'),
('AB324', 'Wildlife Preserve'),
('CB923', 'Restricted Airspace'),
('39BA3', 'International Air'),
('83BAC', 'High Interference');

INSERT INTO ZoneContainsWaypoint(waypoint_id, zone_zip) VALUES
(2, '45930'),
(3, '50304'),
(5, '50304'),
(6, 'AB324'),
(7, '50304'),
(10, '50304'),
(12, '50304'),
(9, '66210'),
(8, 'C580B'),
(6, '50304'),
(20, '66210'),
(7, '468B3'),
(11, 'AB324'),
(7, '94165'),
(1, 'A6804'),
(2, 'A6804'),
(3, 'CB923'),
(5, 'C580B'),
(6, 'C580B'),
(7, 'A7781'),
(9, 'C580B'),
(10, '83BAC'),
(11, 'A7781'),
(12, '468B3'),
(13, '97352'),
(14, 'CB923'),
(15, 'A7781'),
(16, 'CB923'),
(17, '83BAC'),
(11, 'A2094'),
(12, 'A2094'),
(13, '83BAC'),
(14, 'A2094'),
(15, '468B3');

INSERT INTO RouteContainsFlyZone(Route_ID, fly_zone_zip) VALUES
(1, '45930'),
(11, '94165'),
(17, '94165'),
(2, '50304'),
(3, '65228'),
(4, '66210'),
(5, '94165'),
(15, '468B3'),
(6, '97352'),
(1, '94165'),
(7, '325C4'),
(17, '45930'),
(8, '468B3'),
(6, '65228'),
(19, 'C580B'),
(15, 'C580B'),
(9, '97352'),
(10, 'A98B2'),
(20, '50304'),
(12, '325C4'),
(13, 'C580B'),
(8, '97352'),
(14, '94165'),
(16, 'A98B2'),
(18, '65228');

INSERT INTO RouteAvoidsNoFlyZone(Route_ID, no_fly_zone_zip) VALUES
(1, 'A6804'),
(5, 'B4410'),
(3, 'AB324'),
(8, 'A3110'),
(3, 'A1023'),
(17, '83BAC'),
(6, 'CB923'),
(14, 'A3110'),
(8, 'A2094'),
(19, '39BA3'),
(12, 'A7781'),
(4, 'AB324');

INSERT INTO FlightLog(Log_ID, log_time, log_longitude, log_latitude, log_altitude, battery_level, obstacle_detected, speed) VALUES
(1,  '08:00:00', 35.500000, 33.900000, 150.000000, 95, 'None', 40),
(2,  '08:05:00', 35.505000, 33.905000, 155.000000, 92, 'Bird', 42),
(3,  '08:10:00', 35.510000, 33.910000, 160.000000, 89, 'Building nearby', 45),
(4,  '08:15:00', 35.515000, 33.915000, 165.000000, 85, 'None', 50),
(5,  '08:20:00', 35.520000, 33.920000, 170.000000, 82, 'Tree', 48),
(6,  '08:25:00', 35.525000, 33.925000, 175.000000, 78, 'None', 52),
(7,  '08:30:00', 35.530000, 33.930000, 180.000000, 75, 'Signal interference', 55),
(8,  '08:35:00', 35.535000, 33.935000, 185.000000, 70, 'None', 58),
(9,  '08:40:00', 35.540000, 33.940000, 190.000000, 66, 'Bird', 60),
(10, '08:45:00', 35.545000, 33.945000, 195.000000, 62, 'None', 62),
(11, '09:00:00', 35.550000, 33.950000, 200.000000, 60, 'Tree', 65),
(12, '09:05:00', 35.555000, 33.955000, 205.000000, 57, 'None', 68),
(13, '09:10:00', 35.560000, 33.960000, 210.000000, 54, 'Building nearby', 70),
(14, '09:15:00', 35.565000, 33.965000, 215.000000, 50, 'None', 72),
(15, '09:20:00', 35.570000, 33.970000, 220.000000, 47, 'Bird', 75),
(16, '09:25:00', 35.575000, 33.975000, 225.000000, 43, 'None', 77),
(17, '09:30:00', 35.580000, 33.980000, 230.000000, 40, 'Tree', 80),
(18, '09:35:00', 35.585000, 33.985000, 235.000000, 38, 'None', 82),
(19, '09:40:00', 35.590000, 33.990000, 240.000000, 35, 'Signal interference', 85),
(20, '09:45:00', 35.595000, 33.995000, 245.000000, 32, 'None', 87);

INSERT INTO DroneRoute_FlightLog(log_id, route_id, drone_id) VALUES
(1, 1, 1),
(2, 15, 1),
(3, 2, 2),
(4, 20, 2),
(5, 3, 3),
(6, 3, 3),
(7, 14, 4),
(8, 4, 4),
(9, 12, 5),
(10, 5, 5),
(11, 6, 3),
(12, 8, 5),
(13, 9, 2),
(14, 10, 5),
(15, 7, 9),
(16, 16, 10),
(17, 18, 11),
(18, 19, 12),
(19, 20, 7),
(20, 17, 6);

INSERT INTO phoneNums(SSN, phone) VALUES
('880-08-2292', '12-483920'),
('880-08-2292', '47-691204'),
('626-94-9540', '83-205941'),
('330-86-2924', '06-748319'),
('747-05-5859', '59-860472'),
('747-05-5859', '91-334805'),
('642-36-9177', '27-519684'),
('536-67-7327', '74-092163'),
('628-78-6067', '03-582947'),
('182-85-4425', '68-104395'),
('792-25-7624', '25-760218'),
('329-66-4595', '94-631780'),
('171-82-0329', '11-408596'),
('627-24-1462', '72-950364'),
('581-20-3602', '39-217845'),
('880-90-5148', '86-593120'),
('683-62-7206', '50-874261'),
('683-62-7206', '19-062738'),
('857-84-0580', '44-981273'), 
('566-03-3976', '07-536490');